index,country code,country,ann√©e,quantile,nb_quantiles,log_income,income,gdpppp,gini,population,cluster
10899,USA,United States,2008,1,100,2.821825283153634,663.4761,43261.0,43.2,23040000,1
10900,USA,United States,2008,2,100,3.2299598860242775,1698.0868,43261.0,43.2,23040000,1
10901,USA,United States,2008,3,100,3.387342727752185,2439.7354,43261.0,43.2,23040000,1
10902,USA,United States,2008,4,100,3.484904269723287,3054.2478,43261.0,43.2,23040000,1
10903,USA,United States,2008,5,100,3.5596132036828476,3627.5483,43261.0,43.2,23040000,1
10904,USA,United States,2008,6,100,3.6129888800538796,4101.936,43261.0,43.2,23040000,1
10905,USA,United States,2008,7,100,3.6576025188182903,4545.7183,43261.0,43.2,23040000,1
10906,USA,United States,2008,8,100,3.6938236961440443,4941.1006,43261.0,43.2,23040000,1
10907,USA,United States,2008,9,100,3.724945559520489,5308.179,43261.0,43.2,23040000,1
10908,USA,United States,2008,10,100,3.7645890315783754,5815.5264,43261.0,43.2,23040000,1
10909,USA,United States,2008,11,100,3.7896631920823802,6161.17,43261.0,43.2,23040000,1
10910,USA,United States,2008,12,100,3.813245277968558,6504.9697,43261.0,43.2,23040000,1
10911,USA,United States,2008,13,100,3.8360610536494804,6855.846,43261.0,43.2,23040000,1
10912,USA,United States,2008,14,100,3.8570756257730134,7195.7427,43261.0,43.2,23040000,1
10913,USA,United States,2008,15,100,3.8775283316521265,7542.726,43261.0,43.2,23040000,1
10914,USA,United States,2008,16,100,3.896057775650955,7871.505,43261.0,43.2,23040000,1
10915,USA,United States,2008,17,100,3.913381302188294,8191.8369999999995,43261.0,43.2,23040000,1
10916,USA,United States,2008,18,100,3.9290431239875474,8492.648000000001,43261.0,43.2,23040000,1
10917,USA,United States,2008,19,100,3.946376895607502,8838.466,43261.0,43.2,23040000,1
10918,USA,United States,2008,20,100,3.96167101438712,9155.267,43261.0,43.2,23040000,1
10919,USA,United States,2008,21,100,3.976723760789513,9478.154,43261.0,43.2,23040000,1
10920,USA,United States,2008,22,100,3.994320100757937,9870.067,43261.0,43.2,23040000,1
10921,USA,United States,2008,23,100,4.0040351611275256,10093.346,43261.0,43.2,23040000,1
10922,USA,United States,2008,24,100,4.016218398293911,10380.503,43261.0,43.2,23040000,1
10923,USA,United States,2008,25,100,4.030213380216797,10720.458999999999,43261.0,43.2,23040000,1
10924,USA,United States,2008,26,100,4.043530775170801,11054.288,43261.0,43.2,23040000,1
10925,USA,United States,2008,27,100,4.055874962773192,11372.998,43261.0,43.2,23040000,1
10926,USA,United States,2008,28,100,4.0678516605123525,11691.0,43261.0,43.2,23040000,1
10927,USA,United States,2008,29,100,4.079182150826853,12000.025,43261.0,43.2,23040000,1
10928,USA,United States,2008,30,100,4.090615396209438,12320.133,43261.0,43.2,23040000,1
10929,USA,United States,2008,31,100,4.100339902148089,12599.111,43261.0,43.2,23040000,1
10930,USA,United States,2008,32,100,4.111517401977629,12927.585,43261.0,43.2,23040000,1
10931,USA,United States,2008,33,100,4.121667140732652,13233.268999999998,43261.0,43.2,23040000,1
10932,USA,United States,2008,34,100,4.1317868326913825,13545.243999999999,43261.0,43.2,23040000,1
10933,USA,United States,2008,35,100,4.142525208862239,13884.339,43261.0,43.2,23040000,1
10934,USA,United States,2008,36,100,4.15177891189499,14183.353000000001,43261.0,43.2,23040000,1
10935,USA,United States,2008,37,100,4.161111692871952,14491.445,43261.0,43.2,23040000,1
10936,USA,United States,2008,38,100,4.172066707769365,14861.639,43261.0,43.2,23040000,1
10937,USA,United States,2008,39,100,4.179726938517646,15126.098999999998,43261.0,43.2,23040000,1
10938,USA,United States,2008,40,100,4.18861356936091,15438.801000000001,43261.0,43.2,23040000,1
10939,USA,United States,2008,41,100,4.199043821618515,15814.076000000001,43261.0,43.2,23040000,1
10940,USA,United States,2008,42,100,4.20877334654388,16172.358,43261.0,43.2,23040000,1
10941,USA,United States,2008,43,100,4.218115606826719,16524.016,43261.0,43.2,23040000,1
10942,USA,United States,2008,44,100,4.226700283932994,16853.895,43261.0,43.2,23040000,1
10943,USA,United States,2008,45,100,4.2356813572921395,17206.057,43261.0,43.2,23040000,1
10944,USA,United States,2008,46,100,4.245086949337426,17582.756,43261.0,43.2,23040000,1
10945,USA,United States,2008,47,100,4.2537597834574035,17937.412,43261.0,43.2,23040000,1
10946,USA,United States,2008,48,100,4.262013014587604,18281.55,43261.0,43.2,23040000,1
10947,USA,United States,2008,49,100,4.270300730610501,18633.77,43261.0,43.2,23040000,1
10948,USA,United States,2008,50,100,4.278323825413338,18981.207,43261.0,43.2,23040000,1
10949,USA,United States,2008,51,100,4.2872443337487205,19375.117,43261.0,43.2,23040000,1
10950,USA,United States,2008,52,100,4.297159302889245,19822.54,43261.0,43.2,23040000,1
10951,USA,United States,2008,53,100,4.304001498914861,20137.311999999998,43261.0,43.2,23040000,1
10952,USA,United States,2008,54,100,4.311847785617194,20504.433999999997,43261.0,43.2,23040000,1
10953,USA,United States,2008,55,100,4.320737625158464,20928.477,43261.0,43.2,23040000,1
10954,USA,United States,2008,56,100,4.32918177681303,21339.379,43261.0,43.2,23040000,1
10955,USA,United States,2008,57,100,4.337984489803285,21776.32,43261.0,43.2,23040000,1
10956,USA,United States,2008,58,100,4.3464073752304335,22202.781000000003,43261.0,43.2,23040000,1
10957,USA,United States,2008,59,100,4.354502872242847,22620.535,43261.0,43.2,23040000,1
10958,USA,United States,2008,60,100,4.3629852413965455,23066.688,43261.0,43.2,23040000,1
10959,USA,United States,2008,61,100,4.37161882637987,23529.832000000002,43261.0,43.2,23040000,1
10960,USA,United States,2008,62,100,4.380934571723653,24040.006,43261.0,43.2,23040000,1
10961,USA,United States,2008,63,100,4.389956755089137,24544.645,43261.0,43.2,23040000,1
10962,USA,United States,2008,64,100,4.3986645021000665,25041.74,43261.0,43.2,23040000,1
10963,USA,United States,2008,65,100,4.407096096106344,25532.662,43261.0,43.2,23040000,1
10964,USA,United States,2008,66,100,4.41616571878355,26071.482000000004,43261.0,43.2,23040000,1
10965,USA,United States,2008,67,100,4.424501609679404,26576.734,43261.0,43.2,23040000,1
10966,USA,United States,2008,68,100,4.433126201486757,27109.792999999998,43261.0,43.2,23040000,1
10967,USA,United States,2008,69,100,4.441533639169929,27639.72,43261.0,43.2,23040000,1
10968,USA,United States,2008,70,100,4.450640136075781,28225.402000000002,43261.0,43.2,23040000,1
10969,USA,United States,2008,71,100,4.459909277107302,28834.291,43261.0,43.2,23040000,1
10970,USA,United States,2008,72,100,4.46955648520054,29481.968999999997,43261.0,43.2,23040000,1
10971,USA,United States,2008,73,100,4.479014467921942,30131.064,43261.0,43.2,23040000,1
10972,USA,United States,2008,74,100,4.488185713493719,30774.125,43261.0,43.2,23040000,1
10973,USA,United States,2008,75,100,4.49872162916018,31529.83,43261.0,43.2,23040000,1
10974,USA,United States,2008,76,100,4.509122204039511,32294.027000000002,43261.0,43.2,23040000,1
10975,USA,United States,2008,77,100,4.519163448025024,33049.39,43261.0,43.2,23040000,1
10976,USA,United States,2008,78,100,4.529586089801467,33852.137,43261.0,43.2,23040000,1
10977,USA,United States,2008,79,100,4.540565744305727,34718.883,43261.0,43.2,23040000,1
10978,USA,United States,2008,80,100,4.551241510985104,35582.914,43261.0,43.2,23040000,1
10979,USA,United States,2008,81,100,4.562972211930411,36557.14,43261.0,43.2,23040000,1
10980,USA,United States,2008,82,100,4.574442297919305,37535.508,43261.0,43.2,23040000,1
10981,USA,United States,2008,83,100,4.585807642967486,38530.766,43261.0,43.2,23040000,1
10982,USA,United States,2008,84,100,4.598389797428621,39663.387,43261.0,43.2,23040000,1
10983,USA,United States,2008,85,100,4.61127984645906,40858.258,43261.0,43.2,23040000,1
10984,USA,United States,2008,86,100,4.625167782107171,42185.945,43261.0,43.2,23040000,1
10985,USA,United States,2008,87,100,4.639239189765858,43575.18,43261.0,43.2,23040000,1
10986,USA,United States,2008,88,100,4.654587819431256,45142.73,43261.0,43.2,23040000,1
10987,USA,United States,2008,89,100,4.670975587486674,46878.703,43261.0,43.2,23040000,1
10988,USA,United States,2008,90,100,4.688968395142255,48861.68,43261.0,43.2,23040000,1
10989,USA,United States,2008,91,100,4.706430660602162,50866.36,43261.0,43.2,23040000,1
10990,USA,United States,2008,92,100,4.726840941806069,53313.96,43261.0,43.2,23040000,1
10991,USA,United States,2008,93,100,4.749996968576944,56233.74,43261.0,43.2,23040000,1
10992,USA,United States,2008,94,100,4.776444765624321,59764.703,43261.0,43.2,23040000,1
10993,USA,United States,2008,95,100,4.806541848342505,64053.35,43261.0,43.2,23040000,1
10994,USA,United States,2008,96,100,4.8446409838403,69926.37,43261.0,43.2,23040000,1
10995,USA,United States,2008,97,100,4.89005655040945,77634.82,43261.0,43.2,23040000,1
10996,USA,United States,2008,98,100,4.946859053568833,88482.84,43261.0,43.2,23040000,1
10997,USA,United States,2008,99,100,5.028429962012261,106765.26,43261.0,43.2,23040000,1
10998,USA,United States,2008,100,100,5.247797918308344,176928.55,43261.0,43.2,23040000,1
8299,PAK,Pakistan,2008,1,100,2.439632364157953,275.18982,2335.0,30.0,171648986,2
8300,PAK,Pakistan,2008,2,100,2.5125410927451153,325.49258,2335.0,30.0,171648986,2
8301,PAK,Pakistan,2008,3,100,2.5402364231752057,346.92566,2335.0,30.0,171648986,2
8302,PAK,Pakistan,2008,4,100,2.5610799428125524,363.98203,2335.0,30.0,171648986,2
8303,PAK,Pakistan,2008,5,100,2.578355645728466,378.75262000000004,2335.0,30.0,171648986,2
8304,PAK,Pakistan,2008,6,100,2.5932533385959666,391.97046,2335.0,30.0,171648986,2
8305,PAK,Pakistan,2008,7,100,2.6036995030613177,401.5129,2335.0,30.0,171648986,2
8306,PAK,Pakistan,2008,8,100,2.6147669397742757,411.87642999999997,2335.0,30.0,171648986,2
8307,PAK,Pakistan,2008,9,100,2.6275281233518695,424.15845,2335.0,30.0,171648986,2
8308,PAK,Pakistan,2008,10,100,2.636355431381588,432.86795,2335.0,30.0,171648986,2
8309,PAK,Pakistan,2008,11,100,2.64448036245181,441.04242,2335.0,30.0,171648986,2
8310,PAK,Pakistan,2008,12,100,2.6518948942613103,448.6368,2335.0,30.0,171648986,2
8311,PAK,Pakistan,2008,13,100,2.6598208919088626,456.89972,2335.0,30.0,171648986,2
8312,PAK,Pakistan,2008,14,100,2.6664179128200933,463.8931,2335.0,30.0,171648986,2
8313,PAK,Pakistan,2008,15,100,2.6730505690744923,471.03217,2335.0,30.0,171648986,2
8314,PAK,Pakistan,2008,16,100,2.680687493806748,479.38837,2335.0,30.0,171648986,2
8315,PAK,Pakistan,2008,17,100,2.6868469135464412,486.23578,2335.0,30.0,171648986,2
8316,PAK,Pakistan,2008,18,100,2.693574039800911,493.8261,2335.0,30.0,171648986,2
8317,PAK,Pakistan,2008,19,100,2.699574876507802,500.69687000000005,2335.0,30.0,171648986,2
8318,PAK,Pakistan,2008,20,100,2.7054616157224327,507.52988,2335.0,30.0,171648986,2
8319,PAK,Pakistan,2008,21,100,2.711455012572607,514.5825,2335.0,30.0,171648986,2
8320,PAK,Pakistan,2008,22,100,2.7179480466141235,522.3337,2335.0,30.0,171648986,2
8321,PAK,Pakistan,2008,23,100,2.7233192542317,528.83386,2335.0,30.0,171648986,2
8322,PAK,Pakistan,2008,24,100,2.7285709885838023,535.26764,2335.0,30.0,171648986,2
8323,PAK,Pakistan,2008,25,100,2.7338474572533986,541.81055,2335.0,30.0,171648986,2
8324,PAK,Pakistan,2008,26,100,2.739243176404336,548.58405,2335.0,30.0,171648986,2
8325,PAK,Pakistan,2008,27,100,2.7455568563888932,556.6175,2335.0,30.0,171648986,2
8326,PAK,Pakistan,2008,28,100,2.7506683523805986,563.2074,2335.0,30.0,171648986,2
8327,PAK,Pakistan,2008,29,100,2.75555209306144,569.57654,2335.0,30.0,171648986,2
8328,PAK,Pakistan,2008,30,100,2.760464553663402,576.0558,2335.0,30.0,171648986,2
8329,PAK,Pakistan,2008,31,100,2.7651967575756693,582.367,2335.0,30.0,171648986,2
8330,PAK,Pakistan,2008,32,100,2.769191159974022,587.748,2335.0,30.0,171648986,2
8331,PAK,Pakistan,2008,33,100,2.773704988848984,593.8886,2335.0,30.0,171648986,2
8332,PAK,Pakistan,2008,34,100,2.7789079280094207,601.0463,2335.0,30.0,171648986,2
8333,PAK,Pakistan,2008,35,100,2.784067837237147,608.23,2335.0,30.0,171648986,2
8334,PAK,Pakistan,2008,36,100,2.7886054163865825,614.6182,2335.0,30.0,171648986,2
8335,PAK,Pakistan,2008,37,100,2.792908402565913,620.7381,2335.0,30.0,171648986,2
8336,PAK,Pakistan,2008,38,100,2.797275367758026,627.0113,2335.0,30.0,171648986,2
8337,PAK,Pakistan,2008,39,100,2.8027163399149657,634.9161,2335.0,30.0,171648986,2
8338,PAK,Pakistan,2008,40,100,2.807129294144271,641.4005,2335.0,30.0,171648986,2
8339,PAK,Pakistan,2008,41,100,2.8111246610774394,647.3284,2335.0,30.0,171648986,2
8340,PAK,Pakistan,2008,42,100,2.8153864838299367,653.71204,2335.0,30.0,171648986,2
8341,PAK,Pakistan,2008,43,100,2.8200022296570464,660.6968400000001,2335.0,30.0,171648986,2
8342,PAK,Pakistan,2008,44,100,2.8246655016649598,667.82935,2335.0,30.0,171648986,2
8343,PAK,Pakistan,2008,45,100,2.8298394389439463,675.83307,2335.0,30.0,171648986,2
8344,PAK,Pakistan,2008,46,100,2.835324024470889,684.4221,2335.0,30.0,171648986,2
8345,PAK,Pakistan,2008,47,100,2.840257217702156,692.24084,2335.0,30.0,171648986,2
8346,PAK,Pakistan,2008,48,100,2.8452661042724428,700.27094,2335.0,30.0,171648986,2
8347,PAK,Pakistan,2008,49,100,2.84985023884354,707.7017,2335.0,30.0,171648986,2
8348,PAK,Pakistan,2008,50,100,2.8548148703693594,715.8382,2335.0,30.0,171648986,2
8349,PAK,Pakistan,2008,51,100,2.8599563786341564,724.3632,2335.0,30.0,171648986,2
8350,PAK,Pakistan,2008,52,100,2.8651771645722044,733.12354,2335.0,30.0,171648986,2
8351,PAK,Pakistan,2008,53,100,2.8708412337772478,742.7475599999999,2335.0,30.0,171648986,2
8352,PAK,Pakistan,2008,54,100,2.875375636692168,750.5431,2335.0,30.0,171648986,2
8353,PAK,Pakistan,2008,55,100,2.8799592495564443,758.5064,2335.0,30.0,171648986,2
8354,PAK,Pakistan,2008,56,100,2.8844249345810447,766.34607,2335.0,30.0,171648986,2
8355,PAK,Pakistan,2008,57,100,2.889602130351737,775.5363,2335.0,30.0,171648986,2
8356,PAK,Pakistan,2008,58,100,2.8948142737521105,784.8999,2335.0,30.0,171648986,2
8357,PAK,Pakistan,2008,59,100,2.9002495800984347,794.78485,2335.0,30.0,171648986,2
8358,PAK,Pakistan,2008,60,100,2.9058641212819505,805.1265,2335.0,30.0,171648986,2
8359,PAK,Pakistan,2008,61,100,2.9109643713214184,814.63745,2335.0,30.0,171648986,2
8360,PAK,Pakistan,2008,62,100,2.9158285882454926,823.8129,2335.0,30.0,171648986,2
8361,PAK,Pakistan,2008,63,100,2.922084335781808,835.7653,2335.0,30.0,171648986,2
8362,PAK,Pakistan,2008,64,100,2.927492728546355,846.2384,2335.0,30.0,171648986,2
8363,PAK,Pakistan,2008,65,100,2.9325058282262892,856.0632,2335.0,30.0,171648986,2
8364,PAK,Pakistan,2008,66,100,2.9381869221171306,867.3351,2335.0,30.0,171648986,2
8365,PAK,Pakistan,2008,67,100,2.94475673405018,880.5555,2335.0,30.0,171648986,2
8366,PAK,Pakistan,2008,68,100,2.9512003591836806,893.7177,2335.0,30.0,171648986,2
8367,PAK,Pakistan,2008,69,100,2.957433630317864,906.6374,2335.0,30.0,171648986,2
8368,PAK,Pakistan,2008,70,100,2.9631289468016018,918.6053,2335.0,30.0,171648986,2
8369,PAK,Pakistan,2008,71,100,2.9697244453837675,932.66235,2335.0,30.0,171648986,2
8370,PAK,Pakistan,2008,72,100,2.9773288305228416,949.13684,2335.0,30.0,171648986,2
8371,PAK,Pakistan,2008,73,100,2.9836974009694175,963.1577,2335.0,30.0,171648986,2
8372,PAK,Pakistan,2008,74,100,2.9900074433873143,977.25397,2335.0,30.0,171648986,2
8373,PAK,Pakistan,2008,75,100,2.9976472977657913,994.59735,2335.0,30.0,171648986,2
8374,PAK,Pakistan,2008,76,100,3.004459638014,1010.3216,2335.0,30.0,171648986,2
8375,PAK,Pakistan,2008,77,100,3.0123052466796882,1028.7391,2335.0,30.0,171648986,2
8376,PAK,Pakistan,2008,78,100,3.019605915140564,1046.1788,2335.0,30.0,171648986,2
8377,PAK,Pakistan,2008,79,100,3.027663980260238,1065.7712,2335.0,30.0,171648986,2
8378,PAK,Pakistan,2008,80,100,3.0367568496827744,1088.3206,2335.0,30.0,171648986,2
8379,PAK,Pakistan,2008,81,100,3.0469386361787025,1114.1371,2335.0,30.0,171648986,2
8380,PAK,Pakistan,2008,82,100,3.056310871443692,1138.4419,2335.0,30.0,171648986,2
8381,PAK,Pakistan,2008,83,100,3.066179508028388,1164.6073,2335.0,30.0,171648986,2
8382,PAK,Pakistan,2008,84,100,3.075284078941443,1189.2799,2335.0,30.0,171648986,2
8383,PAK,Pakistan,2008,85,100,3.086532837642864,1220.4861,2335.0,30.0,171648986,2
8384,PAK,Pakistan,2008,86,100,3.1010022252521234,1261.8339999999998,2335.0,30.0,171648986,2
8385,PAK,Pakistan,2008,87,100,3.1153733654152242,1304.2876,2335.0,30.0,171648986,2
8386,PAK,Pakistan,2008,88,100,3.130012690128877,1349.0023,2335.0,30.0,171648986,2
8387,PAK,Pakistan,2008,89,100,3.142248892159264,1387.5508,2335.0,30.0,171648986,2
8388,PAK,Pakistan,2008,90,100,3.156850357581653,1434.9949,2335.0,30.0,171648986,2
8389,PAK,Pakistan,2008,91,100,3.1731856563189487,1489.9979,2335.0,30.0,171648986,2
8390,PAK,Pakistan,2008,92,100,3.189939423193455,1548.6006,2335.0,30.0,171648986,2
8391,PAK,Pakistan,2008,93,100,3.208618961610615,1616.661,2335.0,30.0,171648986,2
8392,PAK,Pakistan,2008,94,100,3.230344218241086,1699.5902,2335.0,30.0,171648986,2
8393,PAK,Pakistan,2008,95,100,3.258393683907686,1812.9828,2335.0,30.0,171648986,2
8394,PAK,Pakistan,2008,96,100,3.2962583641472163,1978.1461,2335.0,30.0,171648986,2
8395,PAK,Pakistan,2008,97,100,3.3392028782158754,2183.7498,2335.0,30.0,171648986,2
8396,PAK,Pakistan,2008,98,100,3.3938986891823935,2476.8442,2335.0,30.0,171648986,2
8397,PAK,Pakistan,2008,99,100,3.4841644037876884,3049.0490000000004,2335.0,30.0,171648986,2
8398,PAK,Pakistan,2008,100,100,3.711940617073392,5151.582,2335.0,30.0,171648986,2
6799,MEX,Mexico,2008,1,100,1.8356333422913347,68.490974,13434.0,49.9,23040000,3
6800,MEX,Mexico,2008,2,100,2.266397877812172,184.67065,13434.0,49.9,23040000,3
6801,MEX,Mexico,2008,3,100,2.4244027017582424,265.70682,13434.0,49.9,23040000,3
6802,MEX,Mexico,2008,4,100,2.5493554620430645,354.2872,13434.0,49.9,23040000,3
6803,MEX,Mexico,2008,5,100,2.631647636620809,428.20095999999995,13434.0,49.9,23040000,3
6804,MEX,Mexico,2008,6,100,2.6971500026434243,497.90903,13434.0,49.9,23040000,3
6805,MEX,Mexico,2008,7,100,2.7472183444904905,558.75104,13434.0,49.9,23040000,3
6806,MEX,Mexico,2008,8,100,2.7905797086505912,617.4186,13434.0,49.9,23040000,3
6807,MEX,Mexico,2008,9,100,2.823428814982509,665.93036,13434.0,49.9,23040000,3
6808,MEX,Mexico,2008,10,100,2.8614533987207436,726.8644,13434.0,49.9,23040000,3
6809,MEX,Mexico,2008,11,100,2.8913081911466785,778.58887,13434.0,49.9,23040000,3
6810,MEX,Mexico,2008,12,100,2.9120636722987254,816.7021,13434.0,49.9,23040000,3
6811,MEX,Mexico,2008,13,100,2.935373732493184,861.735,13434.0,49.9,23040000,3
6812,MEX,Mexico,2008,14,100,2.960056625656601,912.1297599999999,13434.0,49.9,23040000,3
6813,MEX,Mexico,2008,15,100,2.9819866543172955,959.37115,13434.0,49.9,23040000,3
6814,MEX,Mexico,2008,16,100,3.0006658013468877,1001.5342400000001,13434.0,49.9,23040000,3
6815,MEX,Mexico,2008,17,100,3.019243443229882,1045.306,13434.0,49.9,23040000,3
6816,MEX,Mexico,2008,18,100,3.0346340306369166,1083.0139,13434.0,49.9,23040000,3
6817,MEX,Mexico,2008,19,100,3.0507542945557757,1123.9689,13434.0,49.9,23040000,3
6818,MEX,Mexico,2008,20,100,3.0662060584560944,1164.6785,13434.0,49.9,23040000,3
6819,MEX,Mexico,2008,21,100,3.079812757535329,1201.7462,13434.0,49.9,23040000,3
6820,MEX,Mexico,2008,22,100,3.0961924176664817,1247.9363,13434.0,49.9,23040000,3
6821,MEX,Mexico,2008,23,100,3.107224050061018,1280.0415,13434.0,49.9,23040000,3
6822,MEX,Mexico,2008,24,100,3.119304299194117,1316.1467,13434.0,49.9,23040000,3
6823,MEX,Mexico,2008,25,100,3.132727521078814,1357.4615,13434.0,49.9,23040000,3
6824,MEX,Mexico,2008,26,100,3.1463398576781003,1400.683,13434.0,49.9,23040000,3
6825,MEX,Mexico,2008,27,100,3.1595984709342413,1444.104,13434.0,49.9,23040000,3
6826,MEX,Mexico,2008,28,100,3.1718312273524987,1485.3583,13434.0,49.9,23040000,3
6827,MEX,Mexico,2008,29,100,3.1826246723396006,1522.7362,13434.0,49.9,23040000,3
6828,MEX,Mexico,2008,30,100,3.194928874401992,1566.4945,13434.0,49.9,23040000,3
6829,MEX,Mexico,2008,31,100,3.2023767865976533,1593.5907,13434.0,49.9,23040000,3
6830,MEX,Mexico,2008,32,100,3.2077036658893716,1613.2574,13434.0,49.9,23040000,3
6831,MEX,Mexico,2008,33,100,3.217614160393162,1650.4948,13434.0,49.9,23040000,3
6832,MEX,Mexico,2008,34,100,3.229119300956987,1694.8033,13434.0,49.9,23040000,3
6833,MEX,Mexico,2008,35,100,3.241463373982218,1743.6663,13434.0,49.9,23040000,3
6834,MEX,Mexico,2008,36,100,3.253347238832726,1792.0381,13434.0,49.9,23040000,3
6835,MEX,Mexico,2008,37,100,3.2635814410837103,1834.7692,13434.0,49.9,23040000,3
6836,MEX,Mexico,2008,38,100,3.2749215818250867,1883.309,13434.0,49.9,23040000,3
6837,MEX,Mexico,2008,39,100,3.282105092230353,1914.7192,13434.0,49.9,23040000,3
6838,MEX,Mexico,2008,40,100,3.2889711373942605,1945.2308,13434.0,49.9,23040000,3
6839,MEX,Mexico,2008,41,100,3.299210949069419,1991.6405,13434.0,49.9,23040000,3
6840,MEX,Mexico,2008,42,100,3.309097148480296,2037.4978,13434.0,49.9,23040000,3
6841,MEX,Mexico,2008,43,100,3.318786626064522,2083.467,13434.0,49.9,23040000,3
6842,MEX,Mexico,2008,44,100,3.327316115949029,2124.7905,13434.0,49.9,23040000,3
6843,MEX,Mexico,2008,45,100,3.335179883312126,2163.6145,13434.0,49.9,23040000,3
6844,MEX,Mexico,2008,46,100,3.3453151017485716,2214.701,13434.0,49.9,23040000,3
6845,MEX,Mexico,2008,47,100,3.3530018856911625,2254.249,13434.0,49.9,23040000,3
6846,MEX,Mexico,2008,48,100,3.3639313790678207,2311.6995,13434.0,49.9,23040000,3
6847,MEX,Mexico,2008,49,100,3.3755512314387173,2374.3855,13434.0,49.9,23040000,3
6848,MEX,Mexico,2008,50,100,3.3832434796078723,2416.8154,13434.0,49.9,23040000,3
6849,MEX,Mexico,2008,51,100,3.393280484934581,2473.321,13434.0,49.9,23040000,3
6850,MEX,Mexico,2008,52,100,3.403262973865677,2530.83,13434.0,49.9,23040000,3
6851,MEX,Mexico,2008,53,100,3.410377346615579,2572.6301,13434.0,49.9,23040000,3
6852,MEX,Mexico,2008,54,100,3.4200573251899447,2630.6152,13434.0,49.9,23040000,3
6853,MEX,Mexico,2008,55,100,3.4284121353624095,2681.712,13434.0,49.9,23040000,3
6854,MEX,Mexico,2008,56,100,3.438629404633387,2745.5503,13434.0,49.9,23040000,3
6855,MEX,Mexico,2008,57,100,3.449612662593626,2815.8704,13434.0,49.9,23040000,3
6856,MEX,Mexico,2008,58,100,3.4592837195634676,2879.2788,13434.0,49.9,23040000,3
6857,MEX,Mexico,2008,59,100,3.4690404369142733,2944.6958,13434.0,49.9,23040000,3
6858,MEX,Mexico,2008,60,100,3.478061179291147,3006.4998,13434.0,49.9,23040000,3
6859,MEX,Mexico,2008,61,100,3.489329393300042,3085.5273,13434.0,49.9,23040000,3
6860,MEX,Mexico,2008,62,100,3.4996402697472293,3159.6594,13434.0,49.9,23040000,3
6861,MEX,Mexico,2008,63,100,3.505733074911451,3204.2993,13434.0,49.9,23040000,3
6862,MEX,Mexico,2008,64,100,3.513408274762826,3261.4316,13434.0,49.9,23040000,3
6863,MEX,Mexico,2008,65,100,3.523407454804751,3337.3938,13434.0,49.9,23040000,3
6864,MEX,Mexico,2008,66,100,3.5332441422839946,3413.8477,13434.0,49.9,23040000,3
6865,MEX,Mexico,2008,67,100,3.5442967704421773,3501.8438,13434.0,49.9,23040000,3
6866,MEX,Mexico,2008,68,100,3.5544052004030102,3584.3070000000002,13434.0,49.9,23040000,3
6867,MEX,Mexico,2008,69,100,3.5658584398760773,3680.09,13434.0,49.9,23040000,3
6868,MEX,Mexico,2008,70,100,3.576687392240582,3773.0051,13434.0,49.9,23040000,3
6869,MEX,Mexico,2008,71,100,3.588289761909867,3875.1611,13434.0,49.9,23040000,3
6870,MEX,Mexico,2008,72,100,3.599653348112033,3977.8953,13434.0,49.9,23040000,3
6871,MEX,Mexico,2008,73,100,3.6090064547294296,4064.4937,13434.0,49.9,23040000,3
6872,MEX,Mexico,2008,74,100,3.621281590612996,4181.0137,13434.0,49.9,23040000,3
6873,MEX,Mexico,2008,75,100,3.6336908987757184,4302.2029999999995,13434.0,49.9,23040000,3
6874,MEX,Mexico,2008,76,100,3.645970823827348,4425.5864,13434.0,49.9,23040000,3
6875,MEX,Mexico,2008,77,100,3.661394141954428,4585.5786,13434.0,49.9,23040000,3
6876,MEX,Mexico,2008,78,100,3.675910991964354,4741.448,13434.0,49.9,23040000,3
6877,MEX,Mexico,2008,79,100,3.686119303177124,4854.2183,13434.0,49.9,23040000,3
6878,MEX,Mexico,2008,80,100,3.7005520336420097,5018.247,13434.0,49.9,23040000,3
6879,MEX,Mexico,2008,81,100,3.7129926251779892,5164.076,13434.0,49.9,23040000,3
6880,MEX,Mexico,2008,82,100,3.729262381550144,5361.2046,13434.0,49.9,23040000,3
6881,MEX,Mexico,2008,83,100,3.744307068120712,5550.18,13434.0,49.9,23040000,3
6882,MEX,Mexico,2008,84,100,3.7594731616030623,5747.423000000001,13434.0,49.9,23040000,3
6883,MEX,Mexico,2008,85,100,3.776974311436912,5983.762,13434.0,49.9,23040000,3
6884,MEX,Mexico,2008,86,100,3.7941373116138353,6224.9707,13434.0,49.9,23040000,3
6885,MEX,Mexico,2008,87,100,3.8104770255194973,6463.638000000001,13434.0,49.9,23040000,3
6886,MEX,Mexico,2008,88,100,3.832401782037336,6798.3228,13434.0,49.9,23040000,3
6887,MEX,Mexico,2008,89,100,3.8573688369143135,7200.6025,13434.0,49.9,23040000,3
6888,MEX,Mexico,2008,90,100,3.881675553748782,7615.099,13434.0,49.9,23040000,3
6889,MEX,Mexico,2008,91,100,3.90327454464114,8003.4004,13434.0,49.9,23040000,3
6890,MEX,Mexico,2008,92,100,3.9297826099835302,8507.121,13434.0,49.9,23040000,3
6891,MEX,Mexico,2008,93,100,3.9602460088506253,9125.276,13434.0,49.9,23040000,3
6892,MEX,Mexico,2008,94,100,3.9934350400441003,9849.973,13434.0,49.9,23040000,3
6893,MEX,Mexico,2008,95,100,4.0322309456780525,10770.378,13434.0,49.9,23040000,3
6894,MEX,Mexico,2008,96,100,4.082161979729207,12082.643999999998,13434.0,49.9,23040000,3
6895,MEX,Mexico,2008,97,100,4.132403405692807,13564.488000000001,13434.0,49.9,23040000,3
6896,MEX,Mexico,2008,98,100,4.208172177080091,16149.987,13434.0,49.9,23040000,3
6897,MEX,Mexico,2008,99,100,4.322850775245663,21030.557,13434.0,49.9,23040000,3
6898,MEX,Mexico,2008,100,100,4.648408463830834,44504.965,13434.0,49.9,23040000,3
1600,CHL,Chile,2009,1,100,2.364794882172071,231.63003999999998,13390.0,47.0,23040000,4
1601,CHL,Chile,2009,2,100,2.7811341406796406,604.1352,13390.0,47.0,23040000,4
1602,CHL,Chile,2009,3,100,2.90997188632944,812.7779,13390.0,47.0,23040000,4
1603,CHL,Chile,2009,4,100,2.977595400922677,949.7196,13390.0,47.0,23040000,4
1604,CHL,Chile,2009,5,100,3.031713211831372,1075.7546,13390.0,47.0,23040000,4
1605,CHL,Chile,2009,6,100,3.0734460704867126,1184.2573,13390.0,47.0,23040000,4
1606,CHL,Chile,2009,7,100,3.10393607511194,1270.3871,13390.0,47.0,23040000,4
1607,CHL,Chile,2009,8,100,3.130964388562524,1351.9617,13390.0,47.0,23040000,4
1608,CHL,Chile,2009,9,100,3.1565021456474724,1433.8448,13390.0,47.0,23040000,4
1609,CHL,Chile,2009,10,100,3.178092502513904,1506.9279999999999,13390.0,47.0,23040000,4
1610,CHL,Chile,2009,11,100,3.1966875827995302,1572.851,13390.0,47.0,23040000,4
1611,CHL,Chile,2009,12,100,3.2137361243224616,1635.8223,13390.0,47.0,23040000,4
1612,CHL,Chile,2009,13,100,3.230282963634623,1699.3505,13390.0,47.0,23040000,4
1613,CHL,Chile,2009,14,100,3.2455892794863193,1760.3105,13390.0,47.0,23040000,4
1614,CHL,Chile,2009,15,100,3.258526564219314,1813.5376,13390.0,47.0,23040000,4
1615,CHL,Chile,2009,16,100,3.273294455039592,1876.2662,13390.0,47.0,23040000,4
1616,CHL,Chile,2009,17,100,3.2872229940838014,1937.4165,13390.0,47.0,23040000,4
1617,CHL,Chile,2009,18,100,3.2988791551194554,1990.1195,13390.0,47.0,23040000,4
1618,CHL,Chile,2009,19,100,3.3104163374168802,2043.6962,13390.0,47.0,23040000,4
1619,CHL,Chile,2009,20,100,3.3226825018780155,2102.241,13390.0,47.0,23040000,4
1620,CHL,Chile,2009,21,100,3.333644284628274,2155.9778,13390.0,47.0,23040000,4
1621,CHL,Chile,2009,22,100,3.3453594172319465,2214.927,13390.0,47.0,23040000,4
1622,CHL,Chile,2009,23,100,3.3564673503765756,2272.3088,13390.0,47.0,23040000,4
1623,CHL,Chile,2009,24,100,3.3686173251480405,2336.7773,13390.0,47.0,23040000,4
1624,CHL,Chile,2009,25,100,3.3802138836616678,2400.0146,13390.0,47.0,23040000,4
1625,CHL,Chile,2009,26,100,3.38724409965342,2439.1814,13390.0,47.0,23040000,4
1626,CHL,Chile,2009,27,100,3.3963997042296254,2491.149,13390.0,47.0,23040000,4
1627,CHL,Chile,2009,28,100,3.405732869048746,2545.2642,13390.0,47.0,23040000,4
1628,CHL,Chile,2009,29,100,3.415936246447055,2605.771,13390.0,47.0,23040000,4
1629,CHL,Chile,2009,30,100,3.425174033878768,2661.7915,13390.0,47.0,23040000,4
1630,CHL,Chile,2009,31,100,3.4331511436576925,2711.135,13390.0,47.0,23040000,4
1631,CHL,Chile,2009,32,100,3.442108186454342,2767.631,13390.0,47.0,23040000,4
1632,CHL,Chile,2009,33,100,3.4515833592186347,2828.677,13390.0,47.0,23040000,4
1633,CHL,Chile,2009,34,100,3.4600147115225117,2884.1292,13390.0,47.0,23040000,4
1634,CHL,Chile,2009,35,100,3.468188724880516,2938.9265,13390.0,47.0,23040000,4
1635,CHL,Chile,2009,36,100,3.4774791106615432,3002.473,13390.0,47.0,23040000,4
1636,CHL,Chile,2009,37,100,3.486372110855003,3064.5881,13390.0,47.0,23040000,4
1637,CHL,Chile,2009,38,100,3.4950016161088313,3126.091,13390.0,47.0,23040000,4
1638,CHL,Chile,2009,39,100,3.502382008375098,3179.6697,13390.0,47.0,23040000,4
1639,CHL,Chile,2009,40,100,3.5096834219961086,3233.5786,13390.0,47.0,23040000,4
1640,CHL,Chile,2009,41,100,3.5180876220135198,3296.7622,13390.0,47.0,23040000,4
1641,CHL,Chile,2009,42,100,3.526944954159149,3364.6892,13390.0,47.0,23040000,4
1642,CHL,Chile,2009,43,100,3.5358840810884056,3434.6626,13390.0,47.0,23040000,4
1643,CHL,Chile,2009,44,100,3.54504831864199,3507.909,13390.0,47.0,23040000,4
1644,CHL,Chile,2009,45,100,3.55385444475926,3579.7644,13390.0,47.0,23040000,4
1645,CHL,Chile,2009,46,100,3.561871918404048,3646.4639,13390.0,47.0,23040000,4
1646,CHL,Chile,2009,47,100,3.571150468653477,3725.2075,13390.0,47.0,23040000,4
1647,CHL,Chile,2009,48,100,3.5796044589179723,3798.4329,13390.0,47.0,23040000,4
1648,CHL,Chile,2009,49,100,3.5884790651687335,3876.8506,13390.0,47.0,23040000,4
1649,CHL,Chile,2009,50,100,3.5975473141907512,3958.6519,13390.0,47.0,23040000,4
1650,CHL,Chile,2009,51,100,3.60586377337298,4035.188,13390.0,47.0,23040000,4
1651,CHL,Chile,2009,52,100,3.614404412867666,4115.3276,13390.0,47.0,23040000,4
1652,CHL,Chile,2009,53,100,3.62281212883775,4195.7744,13390.0,47.0,23040000,4
1653,CHL,Chile,2009,54,100,3.6323639037692486,4289.0776,13390.0,47.0,23040000,4
1654,CHL,Chile,2009,55,100,3.6414830342716344,4380.09,13390.0,47.0,23040000,4
1655,CHL,Chile,2009,56,100,3.6497709303892885,4464.4805,13390.0,47.0,23040000,4
1656,CHL,Chile,2009,57,100,3.658939222343909,4559.731,13390.0,47.0,23040000,4
1657,CHL,Chile,2009,58,100,3.668277236276003,4658.834,13390.0,47.0,23040000,4
1658,CHL,Chile,2009,59,100,3.678154703211295,4766.0073,13390.0,47.0,23040000,4
1659,CHL,Chile,2009,60,100,3.6866485740982964,4860.1377,13390.0,47.0,23040000,4
1660,CHL,Chile,2009,61,100,3.695860380727224,4964.327,13390.0,47.0,23040000,4
1661,CHL,Chile,2009,62,100,3.7061140177464296,5082.9287,13390.0,47.0,23040000,4
1662,CHL,Chile,2009,63,100,3.7158722838533227,5198.431,13390.0,47.0,23040000,4
1663,CHL,Chile,2009,64,100,3.726633626002122,5328.8516,13390.0,47.0,23040000,4
1664,CHL,Chile,2009,65,100,3.7368259624991165,5455.392,13390.0,47.0,23040000,4
1665,CHL,Chile,2009,66,100,3.7471275977513185,5586.343000000001,13390.0,47.0,23040000,4
1666,CHL,Chile,2009,67,100,3.7573484208270234,5719.3730000000005,13390.0,47.0,23040000,4
1667,CHL,Chile,2009,68,100,3.768652875886932,5870.1997,13390.0,47.0,23040000,4
1668,CHL,Chile,2009,69,100,3.779782685758099,6022.5815,13390.0,47.0,23040000,4
1669,CHL,Chile,2009,70,100,3.791682840068517,6189.8887,13390.0,47.0,23040000,4
1670,CHL,Chile,2009,71,100,3.8036225598890123,6362.4233,13390.0,47.0,23040000,4
1671,CHL,Chile,2009,72,100,3.8137960811789338,6513.225,13390.0,47.0,23040000,4
1672,CHL,Chile,2009,73,100,3.825981743518082,6698.5645,13390.0,47.0,23040000,4
1673,CHL,Chile,2009,74,100,3.836526945900219,6863.2046,13390.0,47.0,23040000,4
1674,CHL,Chile,2009,75,100,3.848367664639052,7052.899,13390.0,47.0,23040000,4
1675,CHL,Chile,2009,76,100,3.8613114118001217,7266.268,13390.0,47.0,23040000,4
1676,CHL,Chile,2009,77,100,3.873265831909224,7469.058000000001,13390.0,47.0,23040000,4
1677,CHL,Chile,2009,78,100,3.8893096598290793,7750.142,13390.0,47.0,23040000,4
1678,CHL,Chile,2009,79,100,3.90502160690463,8035.661,13390.0,47.0,23040000,4
1679,CHL,Chile,2009,80,100,3.919370384062039,8305.588,13390.0,47.0,23040000,4
1680,CHL,Chile,2009,81,100,3.934504763617488,8600.125,13390.0,47.0,23040000,4
1681,CHL,Chile,2009,82,100,3.9493983508744606,8900.171,13390.0,47.0,23040000,4
1682,CHL,Chile,2009,83,100,3.9653398957255748,9232.9375,13390.0,47.0,23040000,4
1683,CHL,Chile,2009,84,100,3.983337337839042,9623.595,13390.0,47.0,23040000,4
1684,CHL,Chile,2009,85,100,4.001309376350503,10030.195,13390.0,47.0,23040000,4
1685,CHL,Chile,2009,86,100,4.021614533966574,10510.286,13390.0,47.0,23040000,4
1686,CHL,Chile,2009,87,100,4.045924470741744,11115.383999999998,13390.0,47.0,23040000,4
1687,CHL,Chile,2009,88,100,4.068919385206976,11719.778,13390.0,47.0,23040000,4
1688,CHL,Chile,2009,89,100,4.094906148536414,12442.457,13390.0,47.0,23040000,4
1689,CHL,Chile,2009,90,100,4.121673769995293,13233.471000000001,13390.0,47.0,23040000,4
1690,CHL,Chile,2009,91,100,4.149973728662508,14124.521,13390.0,47.0,23040000,4
1691,CHL,Chile,2009,92,100,4.183769407840957,15267.552,13390.0,47.0,23040000,4
1692,CHL,Chile,2009,93,100,4.222113918345137,16676.846,13390.0,47.0,23040000,4
1693,CHL,Chile,2009,94,100,4.258959938923023,18153.482,13390.0,47.0,23040000,4
1694,CHL,Chile,2009,95,100,4.300459479299205,19973.744,13390.0,47.0,23040000,4
1695,CHL,Chile,2009,96,100,4.356537602157328,22726.764,13390.0,47.0,23040000,4
1696,CHL,Chile,2009,97,100,4.431674768473995,27019.342,13390.0,47.0,23040000,4
1697,CHL,Chile,2009,98,100,4.517727550138874,32940.3,13390.0,47.0,23040000,4
1698,CHL,Chile,2009,99,100,4.656331824109572,45324.375,13390.0,47.0,23040000,4
1699,CHL,Chile,2009,100,100,4.984901635337676,96583.21,13390.0,47.0,23040000,4
2800,EGY,"Egypt, Arab Rep.",2009,1,100,2.661773322859258,458.9584,5011.0,33.1,23040000,4
2801,EGY,"Egypt, Arab Rep.",2009,2,100,2.770045315386517,588.9051,5011.0,33.1,23040000,4
2802,EGY,"Egypt, Arab Rep.",2009,3,100,2.8138398203149126,651.3881,5011.0,33.1,23040000,4
2803,EGY,"Egypt, Arab Rep.",2009,4,100,2.840015378940494,691.85547,5011.0,33.1,23040000,4
2804,EGY,"Egypt, Arab Rep.",2009,5,100,2.862239402595413,728.1811,5011.0,33.1,23040000,4
2805,EGY,"Egypt, Arab Rep.",2009,6,100,2.8850521842260366,767.4537,5011.0,33.1,23040000,4
2806,EGY,"Egypt, Arab Rep.",2009,7,100,2.902078151654924,798.1383,5011.0,33.1,23040000,4
2807,EGY,"Egypt, Arab Rep.",2009,8,100,2.9162010102350897,824.51965,5011.0,33.1,23040000,4
2808,EGY,"Egypt, Arab Rep.",2009,9,100,2.9291784132660736,849.5294,5011.0,33.1,23040000,4
2809,EGY,"Egypt, Arab Rep.",2009,10,100,2.9427226163314772,876.4408599999999,5011.0,33.1,23040000,4
2810,EGY,"Egypt, Arab Rep.",2009,11,100,2.955248039089227,902.0862,5011.0,33.1,23040000,4
2811,EGY,"Egypt, Arab Rep.",2009,12,100,2.9663930812827926,925.5355,5011.0,33.1,23040000,4
2812,EGY,"Egypt, Arab Rep.",2009,13,100,2.9762515980971287,946.7855,5011.0,33.1,23040000,4
2813,EGY,"Egypt, Arab Rep.",2009,14,100,2.98464453453049,965.2605,5011.0,33.1,23040000,4
2814,EGY,"Egypt, Arab Rep.",2009,15,100,2.9927664422278353,983.4820599999999,5011.0,33.1,23040000,4
2815,EGY,"Egypt, Arab Rep.",2009,16,100,2.9993475646680214,998.4988400000001,5011.0,33.1,23040000,4
2816,EGY,"Egypt, Arab Rep.",2009,17,100,3.0065162720263197,1015.1174,5011.0,33.1,23040000,4
2817,EGY,"Egypt, Arab Rep.",2009,18,100,3.0134901149930444,1031.5496,5011.0,33.1,23040000,4
2818,EGY,"Egypt, Arab Rep.",2009,19,100,3.020482892938701,1048.2935,5011.0,33.1,23040000,4
2819,EGY,"Egypt, Arab Rep.",2009,20,100,3.0269100751554747,1063.9227,5011.0,33.1,23040000,4
2820,EGY,"Egypt, Arab Rep.",2009,21,100,3.033130105333085,1079.27,5011.0,33.1,23040000,4
2821,EGY,"Egypt, Arab Rep.",2009,22,100,3.03996510536547,1096.3901,5011.0,33.1,23040000,4
2822,EGY,"Egypt, Arab Rep.",2009,23,100,3.0464969592587767,1113.0046,5011.0,33.1,23040000,4
2823,EGY,"Egypt, Arab Rep.",2009,24,100,3.054094770742147,1132.6475,5011.0,33.1,23040000,4
2824,EGY,"Egypt, Arab Rep.",2009,25,100,3.0597907666361954,1147.6006,5011.0,33.1,23040000,4
2825,EGY,"Egypt, Arab Rep.",2009,26,100,3.065111484900201,1161.7468,5011.0,33.1,23040000,4
2826,EGY,"Egypt, Arab Rep.",2009,27,100,3.070302908636873,1175.7173,5011.0,33.1,23040000,4
2827,EGY,"Egypt, Arab Rep.",2009,28,100,3.0759213880547773,1191.0264,5011.0,33.1,23040000,4
2828,EGY,"Egypt, Arab Rep.",2009,29,100,3.0810644201220874,1205.2147,5011.0,33.1,23040000,4
2829,EGY,"Egypt, Arab Rep.",2009,30,100,3.0863774156854524,1220.0494,5011.0,33.1,23040000,4
2830,EGY,"Egypt, Arab Rep.",2009,31,100,3.0916540868154625,1234.9634,5011.0,33.1,23040000,4
2831,EGY,"Egypt, Arab Rep.",2009,32,100,3.096827037464157,1249.7612,5011.0,33.1,23040000,4
2832,EGY,"Egypt, Arab Rep.",2009,33,100,3.1018885058498644,1264.4117,5011.0,33.1,23040000,4
2833,EGY,"Egypt, Arab Rep.",2009,34,100,3.1067173768847045,1278.549,5011.0,33.1,23040000,4
2834,EGY,"Egypt, Arab Rep.",2009,35,100,3.112001294815226,1294.1997,5011.0,33.1,23040000,4
2835,EGY,"Egypt, Arab Rep.",2009,36,100,3.116550996452973,1307.8291,5011.0,33.1,23040000,4
2836,EGY,"Egypt, Arab Rep.",2009,37,100,3.12183195618942,1323.8292,5011.0,33.1,23040000,4
2837,EGY,"Egypt, Arab Rep.",2009,38,100,3.127941790730907,1342.585,5011.0,33.1,23040000,4
2838,EGY,"Egypt, Arab Rep.",2009,39,100,3.132736990943345,1357.4911,5011.0,33.1,23040000,4
2839,EGY,"Egypt, Arab Rep.",2009,40,100,3.138906405681639,1376.9127,5011.0,33.1,23040000,4
2840,EGY,"Egypt, Arab Rep.",2009,41,100,3.1445375011699803,1394.8821,5011.0,33.1,23040000,4
2841,EGY,"Egypt, Arab Rep.",2009,42,100,3.1491081839912027,1409.6399,5011.0,33.1,23040000,4
2842,EGY,"Egypt, Arab Rep.",2009,43,100,3.153565675458392,1424.1826,5011.0,33.1,23040000,4
2843,EGY,"Egypt, Arab Rep.",2009,44,100,3.157947663447799,1438.6252,5011.0,33.1,23040000,4
2844,EGY,"Egypt, Arab Rep.",2009,45,100,3.1627439415147793,1454.6012,5011.0,33.1,23040000,4
2845,EGY,"Egypt, Arab Rep.",2009,46,100,3.1688619140184824,1475.2374,5011.0,33.1,23040000,4
2846,EGY,"Egypt, Arab Rep.",2009,47,100,3.173824852825004,1492.1925,5011.0,33.1,23040000,4
2847,EGY,"Egypt, Arab Rep.",2009,48,100,3.1788667778329622,1509.6170000000002,5011.0,33.1,23040000,4
2848,EGY,"Egypt, Arab Rep.",2009,49,100,3.184113861049728,1527.9666,5011.0,33.1,23040000,4
2849,EGY,"Egypt, Arab Rep.",2009,50,100,3.189833346627973,1548.2224,5011.0,33.1,23040000,4
2850,EGY,"Egypt, Arab Rep.",2009,51,100,3.1955713178794363,1568.8135,5011.0,33.1,23040000,4
2851,EGY,"Egypt, Arab Rep.",2009,52,100,3.200523450783535,1586.8046,5011.0,33.1,23040000,4
2852,EGY,"Egypt, Arab Rep.",2009,53,100,3.205521764854364,1605.1727,5011.0,33.1,23040000,4
2853,EGY,"Egypt, Arab Rep.",2009,54,100,3.2098451405037,1621.2319,5011.0,33.1,23040000,4
2854,EGY,"Egypt, Arab Rep.",2009,55,100,3.213120866946452,1633.5065,5011.0,33.1,23040000,4
2855,EGY,"Egypt, Arab Rep.",2009,56,100,3.2188494018906524,1655.1959,5011.0,33.1,23040000,4
2856,EGY,"Egypt, Arab Rep.",2009,57,100,3.224356149337676,1676.317,5011.0,33.1,23040000,4
2857,EGY,"Egypt, Arab Rep.",2009,58,100,3.2293562937774225,1695.7284,5011.0,33.1,23040000,4
2858,EGY,"Egypt, Arab Rep.",2009,59,100,3.2351108437486866,1718.3469,5011.0,33.1,23040000,4
2859,EGY,"Egypt, Arab Rep.",2009,60,100,3.2403257787348263,1739.1049,5011.0,33.1,23040000,4
2860,EGY,"Egypt, Arab Rep.",2009,61,100,3.2465333918947965,1764.1414,5011.0,33.1,23040000,4
2861,EGY,"Egypt, Arab Rep.",2009,62,100,3.252023707681016,1786.5851,5011.0,33.1,23040000,4
2862,EGY,"Egypt, Arab Rep.",2009,63,100,3.258816422173295,1814.7484,5011.0,33.1,23040000,4
2863,EGY,"Egypt, Arab Rep.",2009,64,100,3.2646640224886467,1839.3485,5011.0,33.1,23040000,4
2864,EGY,"Egypt, Arab Rep.",2009,65,100,3.2708064743490284,1865.5482,5011.0,33.1,23040000,4
2865,EGY,"Egypt, Arab Rep.",2009,66,100,3.277610085183973,1895.0038,5011.0,33.1,23040000,4
2866,EGY,"Egypt, Arab Rep.",2009,67,100,3.2840536025355505,1923.3291,5011.0,33.1,23040000,4
2867,EGY,"Egypt, Arab Rep.",2009,68,100,3.290227083654711,1950.8644,5011.0,33.1,23040000,4
2868,EGY,"Egypt, Arab Rep.",2009,69,100,3.2956843106699183,1975.5331,5011.0,33.1,23040000,4
2869,EGY,"Egypt, Arab Rep.",2009,70,100,3.3014777178454913,2002.0629,5011.0,33.1,23040000,4
2870,EGY,"Egypt, Arab Rep.",2009,71,100,3.3076215373019124,2030.5867,5011.0,33.1,23040000,4
2871,EGY,"Egypt, Arab Rep.",2009,72,100,3.314399642494331,2062.527,5011.0,33.1,23040000,4
2872,EGY,"Egypt, Arab Rep.",2009,73,100,3.321654137534104,2097.269,5011.0,33.1,23040000,4
2873,EGY,"Egypt, Arab Rep.",2009,74,100,3.3294853397000947,2135.43,5011.0,33.1,23040000,4
2874,EGY,"Egypt, Arab Rep.",2009,75,100,3.335453547692854,2164.9783,5011.0,33.1,23040000,4
2875,EGY,"Egypt, Arab Rep.",2009,76,100,3.342599126459007,2200.894,5011.0,33.1,23040000,4
2876,EGY,"Egypt, Arab Rep.",2009,77,100,3.350574934515216,2241.6868,5011.0,33.1,23040000,4
2877,EGY,"Egypt, Arab Rep.",2009,78,100,3.358138308203952,2281.0684,5011.0,33.1,23040000,4
2878,EGY,"Egypt, Arab Rep.",2009,79,100,3.367431776141069,2330.407,5011.0,33.1,23040000,4
2879,EGY,"Egypt, Arab Rep.",2009,80,100,3.3764075491718843,2379.0718,5011.0,33.1,23040000,4
2880,EGY,"Egypt, Arab Rep.",2009,81,100,3.3861259363814216,2432.9094,5011.0,33.1,23040000,4
2881,EGY,"Egypt, Arab Rep.",2009,82,100,3.3953216743511554,2484.973,5011.0,33.1,23040000,4
2882,EGY,"Egypt, Arab Rep.",2009,83,100,3.407245378691858,2554.144,5011.0,33.1,23040000,4
2883,EGY,"Egypt, Arab Rep.",2009,84,100,3.417964300592003,2617.9678,5011.0,33.1,23040000,4
2884,EGY,"Egypt, Arab Rep.",2009,85,100,3.429799969053118,2690.2954,5011.0,33.1,23040000,4
2885,EGY,"Egypt, Arab Rep.",2009,86,100,3.4421591822048487,2767.9559999999997,5011.0,33.1,23040000,4
2886,EGY,"Egypt, Arab Rep.",2009,87,100,3.4573231285453567,2866.3098,5011.0,33.1,23040000,4
2887,EGY,"Egypt, Arab Rep.",2009,88,100,3.4707819963701017,2956.528,5011.0,33.1,23040000,4
2888,EGY,"Egypt, Arab Rep.",2009,89,100,3.4842910109757823,3049.938,5011.0,33.1,23040000,4
2889,EGY,"Egypt, Arab Rep.",2009,90,100,3.5004728017769824,3165.7222,5011.0,33.1,23040000,4
2890,EGY,"Egypt, Arab Rep.",2009,91,100,3.517358259411775,3291.2302,5011.0,33.1,23040000,4
2891,EGY,"Egypt, Arab Rep.",2009,92,100,3.5375865279129792,3448.153,5011.0,33.1,23040000,4
2892,EGY,"Egypt, Arab Rep.",2009,93,100,3.5580161469389324,3614.2329999999997,5011.0,33.1,23040000,4
2893,EGY,"Egypt, Arab Rep.",2009,94,100,3.585184667384151,3847.5535,5011.0,33.1,23040000,4
2894,EGY,"Egypt, Arab Rep.",2009,95,100,3.6189840751193523,4158.9536,5011.0,33.1,23040000,4
2895,EGY,"Egypt, Arab Rep.",2009,96,100,3.6591337655999534,4561.774,5011.0,33.1,23040000,4
2896,EGY,"Egypt, Arab Rep.",2009,97,100,3.701305299929608,5026.9585,5011.0,33.1,23040000,4
2897,EGY,"Egypt, Arab Rep.",2009,98,100,3.7572128879854603,5717.5884,5011.0,33.1,23040000,4
2898,EGY,"Egypt, Arab Rep.",2009,99,100,3.8654517804594786,7335.8726,5011.0,33.1,23040000,4
2899,EGY,"Egypt, Arab Rep.",2009,100,100,4.169765661578464,14783.105,5011.0,33.1,23040000,4
8799,PRT,Portugal,2008,1,100,2.951191174793016,893.6988,21956.0,36.6,10558177,5
8800,PRT,Portugal,2008,2,100,3.28435659288428,1924.6714,21956.0,36.6,10558177,5
8801,PRT,Portugal,2008,3,100,3.363283220530109,2308.252,21956.0,36.6,10558177,5
8802,PRT,Portugal,2008,4,100,3.4086225187861485,2562.256,21956.0,36.6,10558177,5
8803,PRT,Portugal,2008,5,100,3.4425260495338277,2770.2952,21956.0,36.6,10558177,5
8804,PRT,Portugal,2008,6,100,3.4741248777370686,2979.373,21956.0,36.6,10558177,5
8805,PRT,Portugal,2008,7,100,3.5011882572900808,3170.9417,21956.0,36.6,10558177,5
8806,PRT,Portugal,2008,8,100,3.5211270299839326,3319.9155,21956.0,36.6,10558177,5
8807,PRT,Portugal,2008,9,100,3.541053804286705,3475.7922,21956.0,36.6,10558177,5
8808,PRT,Portugal,2008,10,100,3.5601999319713573,3632.4524,21956.0,36.6,10558177,5
8809,PRT,Portugal,2008,11,100,3.5796176186969757,3798.548,21956.0,36.6,10558177,5
8810,PRT,Portugal,2008,12,100,3.5864566478894915,3858.8389,21956.0,36.6,10558177,5
8811,PRT,Portugal,2008,13,100,3.5980955064218625,3963.6519,21956.0,36.6,10558177,5
8812,PRT,Portugal,2008,14,100,3.610621575162464,4079.6375,21956.0,36.6,10558177,5
8813,PRT,Portugal,2008,15,100,3.6208315770179,4176.6836,21956.0,36.6,10558177,5
8814,PRT,Portugal,2008,16,100,3.6309107717810707,4274.7505,21956.0,36.6,10558177,5
8815,PRT,Portugal,2008,17,100,3.639538382366565,4360.521,21956.0,36.6,10558177,5
8816,PRT,Portugal,2008,18,100,3.652553971738829,4493.1816,21956.0,36.6,10558177,5
8817,PRT,Portugal,2008,19,100,3.6680737275777777,4656.6514,21956.0,36.6,10558177,5
8818,PRT,Portugal,2008,20,100,3.6810459419106816,4797.842000000001,21956.0,36.6,10558177,5
8819,PRT,Portugal,2008,21,100,3.6912185076641704,4911.5493,21956.0,36.6,10558177,5
8820,PRT,Portugal,2008,22,100,3.7007339609825314,5020.3496,21956.0,36.6,10558177,5
8821,PRT,Portugal,2008,23,100,3.7092733538882166,5120.04,21956.0,36.6,10558177,5
8822,PRT,Portugal,2008,24,100,3.720500648772957,5254.128000000001,21956.0,36.6,10558177,5
8823,PRT,Portugal,2008,25,100,3.729978119119963,5370.0474,21956.0,36.6,10558177,5
8824,PRT,Portugal,2008,26,100,3.739948965183182,5494.763000000001,21956.0,36.6,10558177,5
8825,PRT,Portugal,2008,27,100,3.748546675915151,5604.6265,21956.0,36.6,10558177,5
8826,PRT,Portugal,2008,28,100,3.757423717979821,5720.3647,21956.0,36.6,10558177,5
8827,PRT,Portugal,2008,29,100,3.765826674716292,5832.1230000000005,21956.0,36.6,10558177,5
8828,PRT,Portugal,2008,30,100,3.7720890621204575,5916.8296,21956.0,36.6,10558177,5
8829,PRT,Portugal,2008,31,100,3.7806951927589973,6035.249,21956.0,36.6,10558177,5
8830,PRT,Portugal,2008,32,100,3.788273395461723,6141.485,21956.0,36.6,10558177,5
8831,PRT,Portugal,2008,33,100,3.7950840082402366,6238.555,21956.0,36.6,10558177,5
8832,PRT,Portugal,2008,34,100,3.8027685274056533,6349.924,21956.0,36.6,10558177,5
8833,PRT,Portugal,2008,35,100,3.807672708711128,6422.0356,21956.0,36.6,10558177,5
8834,PRT,Portugal,2008,36,100,3.814137096360191,6518.3413,21956.0,36.6,10558177,5
8835,PRT,Portugal,2008,37,100,3.820687780880639,6617.406,21956.0,36.6,10558177,5
8836,PRT,Portugal,2008,38,100,3.827391116482899,6720.338000000001,21956.0,36.6,10558177,5
8837,PRT,Portugal,2008,39,100,3.8338510038187037,6821.0464,21956.0,36.6,10558177,5
8838,PRT,Portugal,2008,40,100,3.8385080041919935,6894.5830000000005,21956.0,36.6,10558177,5
8839,PRT,Portugal,2008,41,100,3.842780614836624,6962.746999999999,21956.0,36.6,10558177,5
8840,PRT,Portugal,2008,42,100,3.847511415600758,7039.0073,21956.0,36.6,10558177,5
8841,PRT,Portugal,2008,43,100,3.85567422017427,7172.5605,21956.0,36.6,10558177,5
8842,PRT,Portugal,2008,44,100,3.8610531347732495,7261.948,21956.0,36.6,10558177,5
8843,PRT,Portugal,2008,45,100,3.8692335801506497,7400.0317,21956.0,36.6,10558177,5
8844,PRT,Portugal,2008,46,100,3.8757413222323436,7511.7534,21956.0,36.6,10558177,5
8845,PRT,Portugal,2008,47,100,3.8806365812109602,7596.903,21956.0,36.6,10558177,5
8846,PRT,Portugal,2008,48,100,3.883528356020273,7647.6562,21956.0,36.6,10558177,5
8847,PRT,Portugal,2008,49,100,3.8880028748843984,7726.857,21956.0,36.6,10558177,5
8848,PRT,Portugal,2008,50,100,3.8945175806344348,7843.6387,21956.0,36.6,10558177,5
8849,PRT,Portugal,2008,51,100,3.902262438067994,7984.7705,21956.0,36.6,10558177,5
8850,PRT,Portugal,2008,52,100,3.90964455318102,8121.6553,21956.0,36.6,10558177,5
8851,PRT,Portugal,2008,53,100,3.9172752251708487,8265.616,21956.0,36.6,10558177,5
8852,PRT,Portugal,2008,54,100,3.9223797008557564,8363.339,21956.0,36.6,10558177,5
8853,PRT,Portugal,2008,55,100,3.9288624169046957,8489.115,21956.0,36.6,10558177,5
8854,PRT,Portugal,2008,56,100,3.9358203790032076,8626.216999999999,21956.0,36.6,10558177,5
8855,PRT,Portugal,2008,57,100,3.9442781107618186,8795.856,21956.0,36.6,10558177,5
8856,PRT,Portugal,2008,58,100,3.9500237116194423,8912.996,21956.0,36.6,10558177,5
8857,PRT,Portugal,2008,59,100,3.9580773825659596,9079.823,21956.0,36.6,10558177,5
8858,PRT,Portugal,2008,60,100,3.96519492541451,9229.856,21956.0,36.6,10558177,5
8859,PRT,Portugal,2008,61,100,3.971122565849717,9356.697,21956.0,36.6,10558177,5
8860,PRT,Portugal,2008,62,100,3.978212802403863,9510.707,21956.0,36.6,10558177,5
8861,PRT,Portugal,2008,63,100,3.9832775390002335,9622.27,21956.0,36.6,10558177,5
8862,PRT,Portugal,2008,64,100,3.9883237767028894,9734.726999999999,21956.0,36.6,10558177,5
8863,PRT,Portugal,2008,65,100,3.9936501505063817,9854.853000000001,21956.0,36.6,10558177,5
8864,PRT,Portugal,2008,66,100,4.002032728009791,10046.915,21956.0,36.6,10558177,5
8865,PRT,Portugal,2008,67,100,4.008629634662645,10200.692,21956.0,36.6,10558177,5
8866,PRT,Portugal,2008,68,100,4.014605163334765,10342.015,21956.0,36.6,10558177,5
8867,PRT,Portugal,2008,69,100,4.022993493529774,10543.711000000001,21956.0,36.6,10558177,5
8868,PRT,Portugal,2008,70,100,4.030243762261848,10721.208999999999,21956.0,36.6,10558177,5
8869,PRT,Portugal,2008,71,100,4.036481817071276,10876.316,21956.0,36.6,10558177,5
8870,PRT,Portugal,2008,72,100,4.045454421007144,11103.36,21956.0,36.6,10558177,5
8871,PRT,Portugal,2008,73,100,4.056177790321308,11380.931,21956.0,36.6,10558177,5
8872,PRT,Portugal,2008,74,100,4.067236652689752,11674.456,21956.0,36.6,10558177,5
8873,PRT,Portugal,2008,75,100,4.074292192662726,11865.668,21956.0,36.6,10558177,5
8874,PRT,Portugal,2008,76,100,4.082879540991909,12102.624,21956.0,36.6,10558177,5
8875,PRT,Portugal,2008,77,100,4.0911665098196535,12335.777,21956.0,36.6,10558177,5
8876,PRT,Portugal,2008,78,100,4.103833539206949,12700.872,21956.0,36.6,10558177,5
8877,PRT,Portugal,2008,79,100,4.1130105557586285,12972.108,21956.0,36.6,10558177,5
8878,PRT,Portugal,2008,80,100,4.1217965899568165,13237.214,21956.0,36.6,10558177,5
8879,PRT,Portugal,2008,81,100,4.133151095510195,13587.861,21956.0,36.6,10558177,5
8880,PRT,Portugal,2008,82,100,4.142566089178758,13885.646,21956.0,36.6,10558177,5
8881,PRT,Portugal,2008,83,100,4.155399871025448,14302.101999999999,21956.0,36.6,10558177,5
8882,PRT,Portugal,2008,84,100,4.1670527777087525,14691.048,21956.0,36.6,10558177,5
8883,PRT,Portugal,2008,85,100,4.180534332905187,15154.246000000001,21956.0,36.6,10558177,5
8884,PRT,Portugal,2008,86,100,4.193150794430252,15600.941,21956.0,36.6,10558177,5
8885,PRT,Portugal,2008,87,100,4.206304355696714,16080.678,21956.0,36.6,10558177,5
8886,PRT,Portugal,2008,88,100,4.219913867892502,16592.578,21956.0,36.6,10558177,5
8887,PRT,Portugal,2008,89,100,4.233618356346288,17124.518,21956.0,36.6,10558177,5
8888,PRT,Portugal,2008,90,100,4.254944295762122,17986.402,21956.0,36.6,10558177,5
8889,PRT,Portugal,2008,91,100,4.272135758827477,18712.67,21956.0,36.6,10558177,5
8890,PRT,Portugal,2008,92,100,4.284867177829869,19269.355,21956.0,36.6,10558177,5
8891,PRT,Portugal,2008,93,100,4.3116873559454545,20496.861,21956.0,36.6,10558177,5
8892,PRT,Portugal,2008,94,100,4.334519694565568,21603.28,21956.0,36.6,10558177,5
8893,PRT,Portugal,2008,95,100,4.35897449880683,22854.646,21956.0,36.6,10558177,5
8894,PRT,Portugal,2008,96,100,4.40021536924308,25131.324,21956.0,36.6,10558177,5
8895,PRT,Portugal,2008,97,100,4.453749285774664,28428.195,21956.0,36.6,10558177,5
8896,PRT,Portugal,2008,98,100,4.514160008318069,32670.818,21956.0,36.6,10558177,5
8897,PRT,Portugal,2008,99,100,4.583622282338666,38337.367,21956.0,36.6,10558177,5
8898,PRT,Portugal,2008,100,100,4.768192428564919,58639.793,21956.0,36.6,10558177,5
2300,CZE,Czech Republic,2008,1,100,3.2003708411200034,1586.2471,23223.0,26.3,23040000,5
2301,CZE,Czech Republic,2008,2,100,3.36589573072048,2322.1792,23223.0,26.3,23040000,5
2302,CZE,Czech Republic,2008,3,100,3.4380016677552963,2741.5847,23223.0,26.3,23040000,5
2303,CZE,Czech Republic,2008,4,100,3.4867650046999485,3067.3618,23223.0,26.3,23040000,5
2304,CZE,Czech Republic,2008,5,100,3.53088156865509,3395.3267,23223.0,26.3,23040000,5
2305,CZE,Czech Republic,2008,6,100,3.5572560565651714,3607.913,23223.0,26.3,23040000,5
2306,CZE,Czech Republic,2008,7,100,3.58006760089909,3802.4858,23223.0,26.3,23040000,5
2307,CZE,Czech Republic,2008,8,100,3.5992498282955236,3974.2009999999996,23223.0,26.3,23040000,5
2308,CZE,Czech Republic,2008,9,100,3.6140187053756017,4111.6743,23223.0,26.3,23040000,5
2309,CZE,Czech Republic,2008,10,100,3.6265380649645955,4231.9259999999995,23223.0,26.3,23040000,5
2310,CZE,Czech Republic,2008,11,100,3.6416680619732635,4381.9565,23223.0,26.3,23040000,5
2311,CZE,Czech Republic,2008,12,100,3.6529144468949206,4496.9126,23223.0,26.3,23040000,5
2312,CZE,Czech Republic,2008,13,100,3.663418438496761,4607.0024,23223.0,26.3,23040000,5
2313,CZE,Czech Republic,2008,14,100,3.67363659697907,4716.682,23223.0,26.3,23040000,5
2314,CZE,Czech Republic,2008,15,100,3.6831495628832847,4821.138,23223.0,26.3,23040000,5
2315,CZE,Czech Republic,2008,16,100,3.6921581972991975,4922.188,23223.0,26.3,23040000,5
2316,CZE,Czech Republic,2008,17,100,3.699731609821035,5008.776,23223.0,26.3,23040000,5
2317,CZE,Czech Republic,2008,18,100,3.706697329912681,5089.7603,23223.0,26.3,23040000,5
2318,CZE,Czech Republic,2008,19,100,3.7142218434430654,5178.713,23223.0,26.3,23040000,5
2319,CZE,Czech Republic,2008,20,100,3.7213126134846655,5263.9604,23223.0,26.3,23040000,5
2320,CZE,Czech Republic,2008,21,100,3.728116600597557,5347.079000000001,23223.0,26.3,23040000,5
2321,CZE,Czech Republic,2008,22,100,3.7350376266822485,5432.974,23223.0,26.3,23040000,5
2322,CZE,Czech Republic,2008,23,100,3.7423023798578834,5524.6196,23223.0,26.3,23040000,5
2323,CZE,Czech Republic,2008,24,100,3.7480446396277194,5598.1514,23223.0,26.3,23040000,5
2324,CZE,Czech Republic,2008,25,100,3.753220053037047,5665.2627,23223.0,26.3,23040000,5
2325,CZE,Czech Republic,2008,26,100,3.75959487708722,5749.034000000001,23223.0,26.3,23040000,5
2326,CZE,Czech Republic,2008,27,100,3.765949451683756,5833.772,23223.0,26.3,23040000,5
2327,CZE,Czech Republic,2008,28,100,3.7708609624327867,5900.1216,23223.0,26.3,23040000,5
2328,CZE,Czech Republic,2008,29,100,3.7767306685326174,5980.406,23223.0,26.3,23040000,5
2329,CZE,Czech Republic,2008,30,100,3.7817311539839964,6049.6626,23223.0,26.3,23040000,5
2330,CZE,Czech Republic,2008,31,100,3.7854811353609588,6102.1255,23223.0,26.3,23040000,5
2331,CZE,Czech Republic,2008,32,100,3.7899214220993853,6164.8345,23223.0,26.3,23040000,5
2332,CZE,Czech Republic,2008,33,100,3.7955284370292057,6244.9424,23223.0,26.3,23040000,5
2333,CZE,Czech Republic,2008,34,100,3.8008197094565213,6321.4937,23223.0,26.3,23040000,5
2334,CZE,Czech Republic,2008,35,100,3.8065541610099816,6405.5166,23223.0,26.3,23040000,5
2335,CZE,Czech Republic,2008,36,100,3.810785024618356,6468.2236,23223.0,26.3,23040000,5
2336,CZE,Czech Republic,2008,37,100,3.8150570798308467,6532.164000000001,23223.0,26.3,23040000,5
2337,CZE,Czech Republic,2008,38,100,3.818011300451389,6576.7495,23223.0,26.3,23040000,5
2338,CZE,Czech Republic,2008,39,100,3.8213955847354564,6628.1997,23223.0,26.3,23040000,5
2339,CZE,Czech Republic,2008,40,100,3.825909674588978,6697.453,23223.0,26.3,23040000,5
2340,CZE,Czech Republic,2008,41,100,3.829655267534655,6755.4653,23223.0,26.3,23040000,5
2341,CZE,Czech Republic,2008,42,100,3.8346062978862028,6832.9194,23223.0,26.3,23040000,5
2342,CZE,Czech Republic,2008,43,100,3.8390195336063964,6902.7085,23223.0,26.3,23040000,5
2343,CZE,Czech Republic,2008,44,100,3.8427854612705046,6962.8247,23223.0,26.3,23040000,5
2344,CZE,Czech Republic,2008,45,100,3.8457871960013814,7011.1167,23223.0,26.3,23040000,5
2345,CZE,Czech Republic,2008,46,100,3.8495354169716163,7071.8887,23223.0,26.3,23040000,5
2346,CZE,Czech Republic,2008,47,100,3.8525163276819296,7120.5957,23223.0,26.3,23040000,5
2347,CZE,Czech Republic,2008,48,100,3.8557466191530327,7173.7563,23223.0,26.3,23040000,5
2348,CZE,Czech Republic,2008,49,100,3.859259708578684,7232.0215,23223.0,26.3,23040000,5
2349,CZE,Czech Republic,2008,50,100,3.863254497978704,7298.851,23223.0,26.3,23040000,5
2350,CZE,Czech Republic,2008,51,100,3.867580755002113,7371.9224,23223.0,26.3,23040000,5
2351,CZE,Czech Republic,2008,52,100,3.871927347975842,7446.0740000000005,23223.0,26.3,23040000,5
2352,CZE,Czech Republic,2008,53,100,3.8758103829311703,7512.948,23223.0,26.3,23040000,5
2353,CZE,Czech Republic,2008,54,100,3.8797807041610737,7581.9463,23223.0,26.3,23040000,5
2354,CZE,Czech Republic,2008,55,100,3.8840776190583046,7657.3345,23223.0,26.3,23040000,5
2355,CZE,Czech Republic,2008,56,100,3.889029496701296,7745.144,23223.0,26.3,23040000,5
2356,CZE,Czech Republic,2008,57,100,3.8930085540412573,7816.432,23223.0,26.3,23040000,5
2357,CZE,Czech Republic,2008,58,100,3.8966056508423903,7881.4414,23223.0,26.3,23040000,5
2358,CZE,Czech Republic,2008,59,100,3.900487239538216,7952.1990000000005,23223.0,26.3,23040000,5
2359,CZE,Czech Republic,2008,60,100,3.9045246950150845,8026.472,23223.0,26.3,23040000,5
2360,CZE,Czech Republic,2008,61,100,3.908973138102488,8109.109,23223.0,26.3,23040000,5
2361,CZE,Czech Republic,2008,62,100,3.9136280723182764,8196.493,23223.0,26.3,23040000,5
2362,CZE,Czech Republic,2008,63,100,3.9177103726011557,8273.902,23223.0,26.3,23040000,5
2363,CZE,Czech Republic,2008,64,100,3.9228651673040438,8372.693000000001,23223.0,26.3,23040000,5
2364,CZE,Czech Republic,2008,65,100,3.927408554633287,8460.744,23223.0,26.3,23040000,5
2365,CZE,Czech Republic,2008,66,100,3.932329144891165,8557.15,23223.0,26.3,23040000,5
2366,CZE,Czech Republic,2008,67,100,3.9373085678068347,8655.827,23223.0,26.3,23040000,5
2367,CZE,Czech Republic,2008,68,100,3.9416610744687084,8743.011999999999,23223.0,26.3,23040000,5
2368,CZE,Czech Republic,2008,69,100,3.9464814953887277,8840.595,23223.0,26.3,23040000,5
2369,CZE,Czech Republic,2008,70,100,3.951638263155984,8946.193000000001,23223.0,26.3,23040000,5
2370,CZE,Czech Republic,2008,71,100,3.956354935276256,9043.883,23223.0,26.3,23040000,5
2371,CZE,Czech Republic,2008,72,100,3.961432010621141,9150.23,23223.0,26.3,23040000,5
2372,CZE,Czech Republic,2008,73,100,3.9660507561233174,9248.0625,23223.0,26.3,23040000,5
2373,CZE,Czech Republic,2008,74,100,3.972133845822684,9378.51,23223.0,26.3,23040000,5
2374,CZE,Czech Republic,2008,75,100,3.9786106709485964,9519.424,23223.0,26.3,23040000,5
2375,CZE,Czech Republic,2008,76,100,3.9846797622009356,9653.388,23223.0,26.3,23040000,5
2376,CZE,Czech Republic,2008,77,100,3.9925993747876665,9831.038,23223.0,26.3,23040000,5
2377,CZE,Czech Republic,2008,78,100,3.999424482654639,9986.757,23223.0,26.3,23040000,5
2378,CZE,Czech Republic,2008,79,100,4.00485196378637,10112.347,23223.0,26.3,23040000,5
2379,CZE,Czech Republic,2008,80,100,4.010927914670321,10254.817,23223.0,26.3,23040000,5
2380,CZE,Czech Republic,2008,81,100,4.017815783907782,10418.754,23223.0,26.3,23040000,5
2381,CZE,Czech Republic,2008,82,100,4.02627861895956,10623.768999999998,23223.0,26.3,23040000,5
2382,CZE,Czech Republic,2008,83,100,4.0335793498006485,10803.87,23223.0,26.3,23040000,5
2383,CZE,Czech Republic,2008,84,100,4.041865690023181,11011.987,23223.0,26.3,23040000,5
2384,CZE,Czech Republic,2008,85,100,4.0500402319159425,11221.223999999998,23223.0,26.3,23040000,5
2385,CZE,Czech Republic,2008,86,100,4.059842268852499,11477.367,23223.0,26.3,23040000,5
2386,CZE,Czech Republic,2008,87,100,4.068477594783985,11707.862,23223.0,26.3,23040000,5
2387,CZE,Czech Republic,2008,88,100,4.077149503829744,11943.992,23223.0,26.3,23040000,5
2388,CZE,Czech Republic,2008,89,100,4.0841022272594305,12136.745,23223.0,26.3,23040000,5
2389,CZE,Czech Republic,2008,90,100,4.094215647826146,12422.69,23223.0,26.3,23040000,5
2390,CZE,Czech Republic,2008,91,100,4.106327251804988,12774.01,23223.0,26.3,23040000,5
2391,CZE,Czech Republic,2008,92,100,4.121377881657486,13224.458,23223.0,26.3,23040000,5
2392,CZE,Czech Republic,2008,93,100,4.136238359478424,13684.796999999999,23223.0,26.3,23040000,5
2393,CZE,Czech Republic,2008,94,100,4.152981255625086,14222.673999999999,23223.0,26.3,23040000,5
2394,CZE,Czech Republic,2008,95,100,4.1716516374257955,14847.442,23223.0,26.3,23040000,5
2395,CZE,Czech Republic,2008,96,100,4.1958427754712995,15697.944,23223.0,26.3,23040000,5
2396,CZE,Czech Republic,2008,97,100,4.226015624683767,16827.346,23223.0,26.3,23040000,5
2397,CZE,Czech Republic,2008,98,100,4.270524348869324,18643.367,23223.0,26.3,23040000,5
2398,CZE,Czech Republic,2008,99,100,4.333173431509316,21536.416,23223.0,26.3,23040000,5
2399,CZE,Czech Republic,2008,100,100,4.568947799399772,37063.617,23223.0,26.3,23040000,5
1700,CHN,China,2007,1,100,1.2232211556515817,16.719418,5712.0,47.8,23040000,6
1701,CHN,China,2007,2,100,2.369495516098357,234.15072999999998,5712.0,47.8,23040000,6
1702,CHN,China,2007,3,100,2.451625118111559,282.8949,5712.0,47.8,23040000,6
1703,CHN,China,2007,4,100,2.5103123859023833,323.8265,5712.0,47.8,23040000,6
1704,CHN,China,2007,5,100,2.5590211020911937,362.2606,5712.0,47.8,23040000,6
1705,CHN,China,2007,6,100,2.5969044673229016,395.27966000000004,5712.0,47.8,23040000,6
1706,CHN,China,2007,7,100,2.6283992201529522,425.01007000000004,5712.0,47.8,23040000,6
1707,CHN,China,2007,8,100,2.6559495481561197,452.84497000000005,5712.0,47.8,23040000,6
1708,CHN,China,2007,9,100,2.681724482941962,480.5344,5712.0,47.8,23040000,6
1709,CHN,China,2007,10,100,2.7040619494999034,505.89682,5712.0,47.8,23040000,6
1710,CHN,China,2007,11,100,2.7238722799169617,529.5077,5712.0,47.8,23040000,6
1711,CHN,China,2007,12,100,2.7443460342352473,555.0678,5712.0,47.8,23040000,6
1712,CHN,China,2007,13,100,2.761574293055195,577.5296599999999,5712.0,47.8,23040000,6
1713,CHN,China,2007,14,100,2.7775001894832982,599.1012,5712.0,47.8,23040000,6
1714,CHN,China,2007,15,100,2.7925530139410184,620.23035,5712.0,47.8,23040000,6
1715,CHN,China,2007,16,100,2.808131441797566,642.88226,5712.0,47.8,23040000,6
1716,CHN,China,2007,17,100,2.823740814579141,666.40894,5712.0,47.8,23040000,6
1717,CHN,China,2007,18,100,2.83888424199121,690.05585,5712.0,47.8,23040000,6
1718,CHN,China,2007,19,100,2.8521988921951213,711.5393,5712.0,47.8,23040000,6
1719,CHN,China,2007,20,100,2.8637922393443,730.7894,5712.0,47.8,23040000,6
1720,CHN,China,2007,21,100,2.8765268766720484,752.5353,5712.0,47.8,23040000,6
1721,CHN,China,2007,22,100,2.8889609138459114,774.3921,5712.0,47.8,23040000,6
1722,CHN,China,2007,23,100,2.9016619071061114,797.3737,5712.0,47.8,23040000,6
1723,CHN,China,2007,24,100,2.913427449744835,819.27075,5712.0,47.8,23040000,6
1724,CHN,China,2007,25,100,2.925165324683905,841.7155,5712.0,47.8,23040000,6
1725,CHN,China,2007,26,100,2.9374194374324962,865.8037,5712.0,47.8,23040000,6
1726,CHN,China,2007,27,100,2.9488616516074697,888.9179,5712.0,47.8,23040000,6
1727,CHN,China,2007,28,100,2.959259744593091,910.4576400000001,5712.0,47.8,23040000,6
1728,CHN,China,2007,29,100,2.970311024531317,933.9229,5712.0,47.8,23040000,6
1729,CHN,China,2007,30,100,2.9808224057980186,956.8027300000001,5712.0,47.8,23040000,6
1730,CHN,China,2007,31,100,2.991932647243028,981.5957,5712.0,47.8,23040000,6
1731,CHN,China,2007,32,100,3.0037978840548343,1008.7833,5712.0,47.8,23040000,6
1732,CHN,China,2007,33,100,3.013733559933194,1032.128,5712.0,47.8,23040000,6
1733,CHN,China,2007,34,100,3.0241381752282237,1057.1538,5712.0,47.8,23040000,6
1734,CHN,China,2007,35,100,3.034632145907188,1083.0092,5712.0,47.8,23040000,6
1735,CHN,China,2007,36,100,3.045813962543373,1111.2556,5712.0,47.8,23040000,6
1736,CHN,China,2007,37,100,3.0569397839701136,1140.0917,5712.0,47.8,23040000,6
1737,CHN,China,2007,38,100,3.067802214026793,1168.9669,5712.0,47.8,23040000,6
1738,CHN,China,2007,39,100,3.0780511904983685,1196.8816,5712.0,47.8,23040000,6
1739,CHN,China,2007,40,100,3.090511182356979,1231.7177,5712.0,47.8,23040000,6
1740,CHN,China,2007,41,100,3.1019687343233717,1264.6453,5712.0,47.8,23040000,6
1741,CHN,China,2007,42,100,3.1140390201841286,1300.2864,5712.0,47.8,23040000,6
1742,CHN,China,2007,43,100,3.125877577789499,1336.2188,5712.0,47.8,23040000,6
1743,CHN,China,2007,44,100,3.1370351106700087,1370.9926,5712.0,47.8,23040000,6
1744,CHN,China,2007,45,100,3.1490987563668926,1409.6093,5712.0,47.8,23040000,6
1745,CHN,China,2007,46,100,3.159559583990788,1443.9747,5712.0,47.8,23040000,6
1746,CHN,China,2007,47,100,3.170575467829582,1481.0696,5712.0,47.8,23040000,6
1747,CHN,China,2007,48,100,3.183304471947479,1525.1216,5712.0,47.8,23040000,6
1748,CHN,China,2007,49,100,3.1952688866692154,1567.7214,5712.0,47.8,23040000,6
1749,CHN,China,2007,50,100,3.207029730788367,1610.7559,5712.0,47.8,23040000,6
1750,CHN,China,2007,51,100,3.218189586108975,1652.6831,5712.0,47.8,23040000,6
1751,CHN,China,2007,52,100,3.2301233339694275,1698.726,5712.0,47.8,23040000,6
1752,CHN,China,2007,53,100,3.2434607960575965,1751.7043,5712.0,47.8,23040000,6
1753,CHN,China,2007,54,100,3.2568891694864215,1806.713,5712.0,47.8,23040000,6
1754,CHN,China,2007,55,100,3.2702945542513384,1863.3505,5712.0,47.8,23040000,6
1755,CHN,China,2007,56,100,3.2840594733874022,1923.3551,5712.0,47.8,23040000,6
1756,CHN,China,2007,57,100,3.2967709434449226,1980.4822,5712.0,47.8,23040000,6
1757,CHN,China,2007,58,100,3.309246967715607,2038.2008,5712.0,47.8,23040000,6
1758,CHN,China,2007,59,100,3.3224963895999746,2101.3403,5712.0,47.8,23040000,6
1759,CHN,China,2007,60,100,3.3361799140464905,2168.6023,5712.0,47.8,23040000,6
1760,CHN,China,2007,61,100,3.348098572870747,2228.9410000000003,5712.0,47.8,23040000,6
1761,CHN,China,2007,62,100,3.3597973234365686,2289.7988,5712.0,47.8,23040000,6
1762,CHN,China,2007,63,100,3.3709917893930097,2349.5884,5712.0,47.8,23040000,6
1763,CHN,China,2007,64,100,3.383766639713261,2419.7285,5712.0,47.8,23040000,6
1764,CHN,China,2007,65,100,3.3954115833291016,2485.4875,5712.0,47.8,23040000,6
1765,CHN,China,2007,66,100,3.4093906770422207,2566.792,5712.0,47.8,23040000,6
1766,CHN,China,2007,67,100,3.4217994305295867,2641.1887,5712.0,47.8,23040000,6
1767,CHN,China,2007,68,100,3.4333778802955135,2712.5508,5712.0,47.8,23040000,6
1768,CHN,China,2007,69,100,3.4462033963072463,2793.8520000000003,5712.0,47.8,23040000,6
1769,CHN,China,2007,70,100,3.458765731808713,2875.8467,5712.0,47.8,23040000,6
1770,CHN,China,2007,71,100,3.4711803648091273,2959.2412,5712.0,47.8,23040000,6
1771,CHN,China,2007,72,100,3.4836578052653384,3045.4944,5712.0,47.8,23040000,6
1772,CHN,China,2007,73,100,3.4958966668824805,3132.5403,5712.0,47.8,23040000,6
1773,CHN,China,2007,74,100,3.5089741820752502,3228.3022,5712.0,47.8,23040000,6
1774,CHN,China,2007,75,100,3.5188289260106007,3302.3943,5712.0,47.8,23040000,6
1775,CHN,China,2007,76,100,3.5288703130939254,3379.639,5712.0,47.8,23040000,6
1776,CHN,China,2007,77,100,3.54237814716248,3486.4075,5712.0,47.8,23040000,6
1777,CHN,China,2007,78,100,3.5547675764636146,3587.2990000000004,5712.0,47.8,23040000,6
1778,CHN,China,2007,79,100,3.567510117250743,3694.1125,5712.0,47.8,23040000,6
1779,CHN,China,2007,80,100,3.581607501084114,3815.9924,5712.0,47.8,23040000,6
1780,CHN,China,2007,81,100,3.59479910498446,3933.6807,5712.0,47.8,23040000,6
1781,CHN,China,2007,82,100,3.607697281231537,4052.2598,5712.0,47.8,23040000,6
1782,CHN,China,2007,83,100,3.620779521160118,4176.183,5712.0,47.8,23040000,6
1783,CHN,China,2007,84,100,3.634166260405167,4306.9146,5712.0,47.8,23040000,6
1784,CHN,China,2007,85,100,3.6483016456883943,4449.402,5712.0,47.8,23040000,6
1785,CHN,China,2007,86,100,3.66323875414969,4605.0967,5712.0,47.8,23040000,6
1786,CHN,China,2007,87,100,3.680613499829867,4793.067,5712.0,47.8,23040000,6
1787,CHN,China,2007,88,100,3.696659327974311,4973.468,5712.0,47.8,23040000,6
1788,CHN,China,2007,89,100,3.714314332794662,5179.816,5712.0,47.8,23040000,6
1789,CHN,China,2007,90,100,3.7312082322957,5385.2793,5712.0,47.8,23040000,6
1790,CHN,China,2007,91,100,3.7504666604634163,5629.459,5712.0,47.8,23040000,6
1791,CHN,China,2007,92,100,3.771625367931632,5910.5156,5712.0,47.8,23040000,6
1792,CHN,China,2007,93,100,3.7938449822692175,6220.781999999999,5712.0,47.8,23040000,6
1793,CHN,China,2007,94,100,3.8172368936233942,6565.0327,5712.0,47.8,23040000,6
1794,CHN,China,2007,95,100,3.844968576147048,6997.9136,5712.0,47.8,23040000,6
1795,CHN,China,2007,96,100,3.8801384827774865,7588.195,5712.0,47.8,23040000,6
1796,CHN,China,2007,97,100,3.9199955769029526,8317.553,5712.0,47.8,23040000,6
1797,CHN,China,2007,98,100,3.9723085748236855,9382.284,5712.0,47.8,23040000,6
1798,CHN,China,2007,99,100,4.0442068566461735,11071.51,5712.0,47.8,23040000,6
1799,CHN,China,2007,100,100,4.2327777399827315,17091.404,5712.0,47.8,23040000,6
